{"accuracy": [0.5860219597816467, 0.8642312288284302, 0.9195117950439453, 0.9439086318016052, 0.9580488204956055, 0.9681916236877441, 0.974337100982666, 0.9768834710121155, 0.9805251955986023, 0.982829749584198], "loss": [1.4136210680007935, 0.42592453956604004, 0.2493116706609726, 0.17188867926597595, 0.12922237813472748, 0.09891821444034576, 0.07954136282205582, 0.07178154587745667, 0.060851071029901505, 0.05409707501530647], "val_accuracy": [0.8541998863220215, 0.9183359742164612, 0.9354655146598816, 0.9424653053283691, 0.9599931836128235, 0.9578875303268433, 0.9664807915687561, 0.9717732667922974, 0.9721147418022156, 0.9523105025291443], "val_loss": [0.45798054337501526, 0.2578691840171814, 0.1945844143629074, 0.18114221096038818, 0.1298530548810959, 0.13584819436073303, 0.11147782951593399, 0.09812091290950775, 0.09452763944864273, 0.1600608229637146]}